seed,timestep,scenario,emission_model,op_risk,N,E,B,F_daily,P,C,T,s2r,bme,slashed_total,fraud_captured_pct,op_slashed_total,op_exited_total,pid_integral,pid_emission_rate,avg_reputation,downtime_count,rho_corr,ensemble_seed
1000,1824,competitor,pid,True,10816,28505.0,35.79,443.43,4.2122,49092836.0,517199692,0.001255,0.001255,367188163,0.0006,11529,1496,-4.5034,0.2601,0.1746,145,0.01,1000
1001,1824,competitor,pid,True,10840,27397.0,45.63,503.91,3.241676,44104616.0,516537991,0.001666,0.001666,366525083,0.0007,12908,1503,-5.0,0.25,0.184,150,0.01,1001
1002,1824,competitor,pid,True,10425,27397.0,30.45,408.2,4.012613,31354813.0,518253229,0.001111,0.001111,368241072,0.0008,12157,1537,-4.7468,0.25,0.173,115,0.01,1002
1003,1824,competitor,pid,True,11630,27397.0,17.5,535.99,9.23014,21167010.0,526944534,0.000639,0.000639,376924875,0.0007,19659,1523,-5.0,0.25,0.1791,133,0.01,1003
1004,1824,competitor,pid,True,9862,28628.0,53.54,401.62,2.077429,54959117.0,518757208,0.00187,0.00187,368744945,0.0008,12263,1542,-4.9871,0.2612,0.1812,104,0.01,1004
1005,1824,competitor,pid,True,11853,27397.0,17.27,486.74,8.395822,24268411.0,522982153,0.00063,0.00063,372963783,0.0006,18370,1586,-5.0,0.25,0.1843,152,0.01,1005
1006,1824,competitor,pid,True,10517,27397.0,48.25,419.71,2.870698,46922757.0,518042651,0.001761,0.001761,368029117,0.0009,13534,1530,-5.0,0.25,0.1893,128,0.01,1006
1007,1824,competitor,pid,True,10460,27397.0,51.82,458.94,2.768507,35070479.0,514041477,0.001891,0.001891,364021452,0.0007,20025,1486,-4.7698,0.25,0.1701,143,0.01,1007
1008,1824,competitor,pid,True,11622,27397.0,29.79,517.29,5.261774,50890029.0,501862002,0.001087,0.001087,351853428,0.0005,8574,1483,-5.0,0.25,0.1771,136,0.01,1008
1009,1824,competitor,pid,True,7864,91396.0,136.55,303.9,0.635189,81252544.0,488875588,0.001494,0.001494,338869468,0.0001,6120,1421,-2.2477,0.834,0.1788,109,0.01,1009
1010,1824,competitor,pid,True,9421,46365.0,53.34,386.93,2.152482,68288539.0,498014730,0.00115,0.00115,348000765,0.0005,13965,1507,-4.1805,0.4231,0.1703,99,0.01,1010
1011,1824,competitor,pid,True,10352,53954.0,121.73,461.33,1.148885,105900827.0,499107383,0.002256,0.002256,349086568,0.0004,20815,1436,-3.1818,0.4923,0.1769,128,0.01,1011
1012,1824,competitor,pid,True,11760,27397.0,37.92,487.27,4.097719,38148470.0,508244413,0.001384,0.001384,358235535,0.0008,8878,1550,-5.0,0.25,0.1853,163,0.01,1012
1013,1824,competitor,pid,True,10856,27397.0,45.49,455.77,3.032673,46894529.0,514196315,0.001661,0.001661,364164495,0.0008,31820,1500,-4.8149,0.25,0.1701,154,0.01,1013
1014,1824,competitor,pid,True,11352,34763.0,50.07,516.59,2.929621,44892141.0,517568411,0.00144,0.00144,367554247,0.0006,14164,1524,-3.8195,0.3172,0.1692,144,0.01,1014
1015,1824,competitor,pid,True,9667,63996.0,104.95,416.46,1.218375,76269658.0,499970510,0.00164,0.00164,349954188,0.0003,16322,1449,-2.9516,0.584,0.1785,110,0.01,1015
1016,1824,competitor,pid,True,10605,27397.0,38.66,470.66,3.88583,54700806.0,514730751,0.001411,0.001411,364720465,0.0009,10286,1483,-5.0,0.25,0.1879,142,0.01,1016
1017,1824,competitor,pid,True,10994,27397.0,37.84,515.13,4.174508,44606088.0,507495936,0.001381,0.001381,357480289,0.0007,15647,1515,-5.0,0.25,0.1702,143,0.01,1017
1018,1824,competitor,pid,True,10654,27397.0,50.86,497.72,2.983796,39377419.0,506708050,0.001856,0.001856,356692560,0.0007,15490,1527,-5.0,0.25,0.1707,151,0.01,1018
1019,1824,competitor,pid,True,10262,68980.0,79.14,450.03,1.596478,83477978.0,494524260,0.001147,0.001147,344499912,0.0003,24348,1451,-2.3561,0.6294,0.1658,128,0.01,1019
1020,1824,competitor,pid,True,9942,28783.0,49.4,425.85,2.80204,34773477.0,513332977,0.001716,0.001716,363328214,0.0007,4763,1439,-4.9401,0.2626,0.1757,122,0.01,1020
1021,1824,competitor,pid,True,11840,27397.0,21.47,524.68,7.028485,34600308.0,511955831,0.000784,0.000784,361936785,0.0008,19046,1563,-5.0,0.25,0.1856,143,0.01,1021
1022,1824,competitor,pid,True,8342,100704.0,106.55,306.39,0.849539,95931987.0,488846277,0.001058,0.001058,338826026,0.0002,20251,1431,-1.4541,0.9189,0.1729,93,0.01,1022
1023,1824,competitor,pid,True,11725,27397.0,38.47,548.65,4.152713,41014646.0,505866230,0.001404,0.001404,355858893,0.0007,7337,1532,-5.0,0.25,0.1766,143,0.01,1023
1024,1824,competitor,pid,True,8278,132123.0,203.96,318.78,0.502201,118638011.0,488523745,0.001544,0.001544,338512188,0.0002,11557,1452,0.4731,1.2056,0.1732,106,0.01,1024
1025,1824,competitor,pid,True,9600,38007.0,62.25,383.76,1.716497,66125890.0,499297959,0.001638,0.001638,349280131,0.0005,17828,1460,-4.5678,0.3468,0.1776,114,0.01,1025
1026,1824,competitor,pid,True,10499,38244.0,38.71,411.99,3.495756,40111262.0,508016527,0.001012,0.001012,357995119,0.0005,21408,1462,-4.0851,0.349,0.1586,116,0.01,1026
1027,1824,competitor,pid,True,11654,27397.0,32.19,475.21,4.60909,26924019.0,521851222,0.001175,0.001175,371836749,0.0007,14473,1520,-5.0,0.25,0.175,141,0.01,1027
1028,1824,competitor,pid,True,10302,27397.0,52.44,410.04,2.298239,41177657.0,510633804,0.001914,0.001914,360617562,0.0006,16242,1501,-5.0,0.25,0.1802,112,0.01,1028
1029,1824,competitor,pid,True,9902,75552.0,92.59,395.18,1.220145,89940409.0,500056164,0.001226,0.001226,350041301,0.0003,14863,1456,-2.1227,0.6894,0.1738,124,0.01,1029
1000,1824,competitor,pid,True,9493,40573.0,64.08,377.58,1.669429,53299682.0,504828701,0.001579,0.001579,354808504,0.0004,20197,1491,-4.4718,0.3702,0.1739,112,0.03,1000
1001,1824,competitor,pid,True,9823,34984.0,39.83,370.08,2.768568,55064541.0,500958260,0.001138,0.001138,350933138,0.0005,25122,1502,-4.6917,0.3192,0.1793,130,0.03,1001
1002,1824,competitor,pid,True,10884,27397.0,41.47,490.83,3.824253,29213864.0,518116745,0.001514,0.001514,368094460,0.0009,22285,1581,-5.0,0.25,0.1742,136,0.03,1002
1003,1824,competitor,pid,True,9488,38833.0,51.41,387.21,2.206977,42844148.0,516555649,0.001324,0.001324,366539658,0.0005,15991,1490,-4.5799,0.3544,0.1853,109,0.03,1003
1004,1824,competitor,pid,True,10261,80729.0,84.5,402.55,1.460491,71385624.0,506293746,0.001047,0.001047,356275341,0.0003,18405,1436,-1.6255,0.7367,0.1463,117,0.03,1004
1005,1824,competitor,pid,True,9214,35410.0,100.5,378.13,1.112352,42277079.0,503046370,0.002838,0.002838,353037751,0.0006,8619,1534,-4.9048,0.3231,0.1837,95,0.03,1005
1006,1824,competitor,pid,True,9123,43197.0,57.92,371.11,1.955705,48568142.0,503869934,0.001341,0.001341,353850313,0.0005,19621,1488,-4.5078,0.3942,0.1789,108,0.03,1006
1007,1824,competitor,pid,True,9504,39611.0,44.32,386.28,2.565771,37165969.0,509440243,0.001119,0.001119,359414677,0.0005,25566,1551,-4.5783,0.3615,0.1759,121,0.03,1007
1008,1824,competitor,pid,True,10105,27397.0,38.66,433.91,3.49142,44849328.0,509903988,0.001411,0.001411,359878567,0.0005,25421,1466,-5.0,0.25,0.1807,137,0.03,1008
1009,1824,competitor,pid,True,11049,27397.0,32.42,492.95,5.037817,59025447.0,507776544,0.001183,0.001183,357751252,0.0005,25292,1457,-5.0,0.25,0.1701,150,0.03,1009
1010,1824,competitor,pid,True,9209,45645.0,93.5,363.89,1.134005,60347574.0,498759975,0.002048,0.002048,348735288,0.0005,24687,1518,-4.2939,0.4165,0.1725,104,0.03,1010
1011,1824,competitor,pid,True,9088,61641.0,82.94,334.74,1.146384,99178365.0,497301944,0.001345,0.001345,347286510,0.0004,15434,1417,-3.4063,0.5625,0.1915,107,0.03,1011
1012,1824,competitor,pid,True,10584,32574.0,46.46,419.86,2.813579,43885396.0,513413021,0.001426,0.001426,363395318,0.0006,17703,1479,-4.3716,0.2972,0.1754,131,0.03,1012
1013,1824,competitor,pid,True,11634,27397.0,24.31,513.6,6.477366,29116358.0,517691050,0.000887,0.000887,367672171,0.0007,18879,1555,-5.0,0.25,0.1719,135,0.03,1013
1014,1824,competitor,pid,True,11706,27397.0,35.85,517.14,4.226688,41654244.0,505807834,0.001308,0.001308,355793175,0.0008,14659,1616,-5.0,0.25,0.1726,127,0.03,1014
1015,1824,competitor,pid,True,10005,31552.0,32.5,414.66,4.12277,68824738.0,497398519,0.00103,0.00103,347388676,0.0006,9843,1435,-4.7615,0.2879,0.171,122,0.03,1015
1016,1824,competitor,pid,True,9964,37622.0,74.67,411.19,1.711697,57897861.0,510691206,0.001985,0.001985,360683424,0.0006,7782,1492,-4.3801,0.3433,0.1734,139,0.03,1016
1017,1824,competitor,pid,True,10200,30599.0,56.99,475.81,2.40261,38949512.0,525316065,0.001862,0.001862,375301060,0.0007,15005,1473,-4.6971,0.2792,0.1859,134,0.03,1017
1018,1824,competitor,pid,True,10894,27397.0,38.52,430.7,3.215269,50827600.0,503692863,0.001406,0.001406,353679845,0.0008,13018,1521,-5.0,0.25,0.1723,131,0.03,1018
1019,1824,competitor,pid,True,9812,38227.0,69.91,364.11,1.529353,67219076.0,499183804,0.001829,0.001829,349156636,0.0005,27168,1475,-4.4268,0.3488,0.1824,119,0.03,1019
1020,1824,competitor,pid,True,10944,27397.0,25.94,485.06,5.342258,41744496.0,504983986,0.000947,0.000947,354968478,0.0007,15508,1541,-5.0,0.25,0.1669,148,0.03,1020
1021,1824,competitor,pid,True,10401,27397.0,55.13,420.22,2.203053,33932083.0,516593404,0.002012,0.002012,366575799,0.0008,17605,1435,-5.0,0.25,0.1717,145,0.03,1021
1022,1824,competitor,pid,True,10514,69560.0,89.37,444.17,1.435572,87998257.0,503197310,0.001285,0.001285,353189632,0.0003,7678,1444,-2.1435,0.6347,0.1598,130,0.03,1022
1023,1824,competitor,pid,True,9717,40139.0,43.47,407.31,2.754863,48494133.0,501111716,0.001083,0.001083,351095462,0.0005,16254,1505,-4.3613,0.3663,0.1676,132,0.03,1023
1024,1824,competitor,pid,True,10175,110961.0,80.75,410.77,1.572635,147951858.0,486753996,0.000728,0.000728,336741320,0.0002,12676,1374,0.1525,1.0125,0.1674,112,0.03,1024
1025,1824,competitor,pid,True,10010,32522.0,38.04,433.04,3.220948,44945730.0,515023572,0.00117,0.00117,365007069,0.0006,16503,1490,-4.7353,0.2968,0.1703,133,0.03,1025
1026,1824,competitor,pid,True,9343,56233.0,91.69,371.61,1.168425,61306284.0,508298915,0.00163,0.00163,358283242,0.0003,15673,1500,-3.5938,0.5131,0.1656,137,0.03,1026
1027,1824,competitor,pid,True,11607,27397.0,46.79,516.94,3.330071,45186304.0,520066496,0.001708,0.001708,370051547,0.0008,14949,1464,-4.7605,0.25,0.174,144,0.03,1027
1028,1824,competitor,pid,True,10971,27397.0,53.06,469.92,2.607678,33606154.0,518000698,0.001937,0.001937,367979949,0.0006,20749,1537,-5.0,0.25,0.1867,116,0.03,1028
1029,1824,competitor,pid,True,9483,42259.0,52.97,372.55,2.001067,80938431.0,507519944,0.001254,0.001254,357507744,0.0005,12200,1476,-4.3647,0.3856,0.1933,131,0.03,1029
1000,1824,competitor,pid,True,10911,56096.0,76.35,445.16,1.807413,75544832.0,510143802,0.001361,0.001361,360133503,0.0004,10299,1405,-2.7396,0.5119,0.16,141,0.05,1000
1001,1824,competitor,pid,True,11184,27397.0,58.43,466.88,2.209764,42807299.0,527048275,0.002133,0.002133,377032488,0.0006,15787,1476,-5.0,0.25,0.1876,129,0.05,1001
1002,1824,competitor,pid,True,11115,27397.0,46.11,473.96,3.10199,40171202.0,515366654,0.001683,0.001683,365343284,0.0008,23370,1539,-5.0,0.25,0.172,144,0.05,1002
1003,1824,competitor,pid,True,11703,27397.0,35.06,544.42,4.691885,29312434.0,517842241,0.00128,0.00128,367823789,0.0007,18452,1570,-5.0,0.25,0.178,142,0.05,1003
1004,1824,competitor,pid,True,8906,65479.0,93.83,336.91,1.045364,82926304.0,492087418,0.001433,0.001433,342075684,0.0004,11734,1465,-3.2696,0.5975,0.1756,126,0.05,1004
1005,1824,competitor,pid,True,11687,27397.0,24.92,531.64,6.16121,34449272.0,515536545,0.00091,0.00091,365523983,0.0008,12562,1539,-5.0,0.25,0.1646,146,0.05,1005
1006,1824,competitor,pid,True,11325,27397.0,41.54,539.74,4.001334,37011338.0,514033588,0.001516,0.001516,364023599,0.0009,9989,1559,-5.0,0.25,0.1669,150,0.05,1006
1007,1824,competitor,pid,True,9706,34617.0,36.25,417.68,3.667303,46071585.0,500509215,0.001047,0.001047,350489749,0.0006,19466,1549,-4.7664,0.3159,0.1807,116,0.05,1007
1008,1824,competitor,pid,True,10313,53767.0,63.92,409.58,1.855997,57350589.0,510667446,0.001189,0.001189,360656064,0.0003,11382,1455,-3.2553,0.4906,0.1675,132,0.05,1008
1009,1824,competitor,pid,True,11613,27397.0,39.28,545.91,4.290021,49939762.0,515027794,0.001434,0.001434,365023170,0.0005,4624,1506,-5.0,0.25,0.1766,141,0.05,1009
1010,1824,competitor,pid,True,9064,40900.0,78.95,358.19,1.409142,56114116.0,502145243,0.00193,0.00193,352137406,0.0005,7837,1501,-4.6751,0.3732,0.1834,113,0.05,1010
1011,1824,competitor,pid,True,9932,58301.0,86.99,443.52,1.586608,142550277.0,483532291,0.001492,0.001492,333504985,0.0004,27306,1329,-3.158,0.532,0.1847,108,0.05,1011
1012,1824,competitor,pid,True,9646,46843.0,55.59,347.38,1.940298,58258145.0,499997255,0.001187,0.001187,349984950,0.0005,12305,1489,-3.9728,0.4274,0.1612,128,0.05,1012
1013,1824,competitor,pid,True,11405,27397.0,42.68,497.34,3.522438,72616948.0,506545447,0.001558,0.001558,356528748,0.0008,16699,1445,-5.0,0.25,0.1706,138,0.05,1013
1014,1824,competitor,pid,True,10974,75238.0,66.5,490.26,2.155072,55419695.0,514265575,0.000884,0.000884,364245693,0.0003,19882,1554,-1.5769,0.6865,0.165,145,0.05,1014
1015,1824,competitor,pid,True,8626,85929.0,153.94,332.61,0.639911,149144636.0,479942029,0.001791,0.001791,329925811,0.0003,16218,1357,-2.1637,0.7841,0.1829,109,0.05,1015
1016,1824,competitor,pid,True,10210,73169.0,92.37,415.27,1.259368,76292891.0,501280088,0.001262,0.001262,351263268,0.0003,16820,1433,-2.071,0.6677,0.1591,142,0.05,1016
1017,1824,competitor,pid,True,11059,28615.0,50.69,483.88,2.795111,50698960.0,513994723,0.001772,0.001772,363982673,0.0007,12050,1546,-4.3546,0.2611,0.177,152,0.05,1017
1018,1824,competitor,pid,True,10646,27397.0,42.69,455.14,3.156466,32581304.0,512686056,0.001558,0.001558,362667552,0.0008,18504,1504,-5.0,0.25,0.1859,129,0.05,1018
1019,1824,competitor,pid,True,8286,68625.0,140.44,330.12,0.709834,94297155.0,505506762,0.002046,0.002046,355484146,0.0003,22616,1446,-3.4045,0.6262,0.1908,116,0.05,1019
1020,1824,competitor,pid,True,11810,27397.0,25.97,525.53,6.624605,37452033.0,513580967,0.000948,0.000948,363561294,0.0008,19673,1552,-5.0,0.25,0.1804,136,0.05,1020
1021,1824,competitor,pid,True,10386,27397.0,32.37,437.55,4.041603,34388304.0,516847659,0.001181,0.001181,366835370,0.0008,12289,1499,-5.0,0.25,0.1763,131,0.05,1021
1022,1824,competitor,pid,True,8137,85391.0,122.24,301.91,0.707192,87838479.0,493137743,0.001432,0.001432,343123106,0.0002,14637,1445,-2.473,0.7792,0.1784,78,0.05,1022
1023,1824,competitor,pid,True,9002,74085.0,112.11,352.03,0.971798,56841990.0,505720686,0.001513,0.001513,355705104,0.0002,15582,1402,-2.6809,0.676,0.1833,189,0.05,1023
1024,1824,competitor,pid,True,9374,35643.0,51.78,339.55,2.064817,82313797.0,498698410,0.001453,0.001453,348680094,0.0006,18316,1497,-4.8344,0.3252,0.1788,108,0.05,1024
1025,1824,competitor,pid,True,11330,61160.0,93.14,502.96,1.666452,52194653.0,528124986,0.001523,0.001523,378115016,0.0003,9970,1397,-2.2325,0.5581,0.1688,141,0.05,1025
1026,1824,competitor,pid,True,9098,43034.0,59.94,350.18,1.656932,49965559.0,496835454,0.001393,0.001393,346817973,0.0004,17481,1509,-4.5285,0.3927,0.174,107,0.05,1026
1027,1824,competitor,pid,True,10539,27397.0,66.3,461.25,2.082825,43849170.0,512572475,0.00242,0.00242,362553744,0.0008,18731,1524,-5.0,0.25,0.1912,134,0.05,1027
1028,1824,competitor,pid,True,11531,27397.0,29.86,452.65,4.69533,42850974.0,524125740,0.00109,0.00109,374113847,0.0006,11893,1511,-4.85,0.25,0.164,129,0.05,1028
1029,1824,competitor,pid,True,8881,52729.0,101.21,365.02,1.080154,106736655.0,486546617,0.00192,0.00192,336534146,0.0004,12471,1358,-4.0362,0.4811,0.1749,119,0.05,1029
1000,1824,competitor,pid,True,9406,35649.0,75.32,392.77,1.495433,48558409.0,502407631,0.002113,0.002113,352388293,0.0005,19338,1546,-4.8087,0.3253,0.1761,115,0.08,1000
1001,1824,competitor,pid,True,9775,35461.0,68.75,387.08,1.688073,54202360.0,503886217,0.001939,0.001939,353869088,0.0005,17129,1529,-4.6177,0.3236,0.1796,113,0.08,1001
1002,1824,competitor,pid,True,11763,27397.0,36.77,543.03,4.352973,30595070.0,517308992,0.001342,0.001342,367290529,0.0009,18463,1590,-5.0,0.25,0.1735,148,0.08,1002
1003,1824,competitor,pid,True,11864,27397.0,18.25,507.86,8.904784,37903191.0,507345336,0.000666,0.000666,357321720,0.0007,23616,1560,-5.0,0.25,0.1829,138,0.08,1003
1004,1824,competitor,pid,True,9584,39976.0,54.25,401.03,2.120698,63398616.0,502172974,0.001357,0.001357,352157394,0.0006,15580,1489,-4.4569,0.3648,0.1787,126,0.08,1004
1005,1824,competitor,pid,True,10267,44776.0,59.82,434.17,2.321777,48698601.0,502033623,0.001336,0.001336,352020548,0.0004,13075,1507,-3.7537,0.4086,0.1605,120,0.08,1005
1006,1824,competitor,pid,True,11583,27397.0,42.86,504.26,3.639621,34416445.0,516714237,0.001565,0.001565,366697141,0.0009,17096,1543,-5.0,0.25,0.1665,137,0.08,1006
1007,1824,competitor,pid,True,10168,43700.0,60.9,456.07,1.984516,39320385.0,512352450,0.001394,0.001394,362338304,0.0004,14146,1461,-3.8712,0.3988,0.1633,122,0.08,1007
1008,1824,competitor,pid,True,9455,38603.0,60.79,353.94,1.679842,48333906.0,511111822,0.001575,0.001575,361092779,0.0004,19043,1464,-4.6011,0.3523,0.1779,109,0.08,1008
1009,1824,competitor,pid,True,8728,59814.0,93.73,320.56,0.965254,69327999.0,501785186,0.001567,0.001567,351774432,0.0002,10754,1477,-3.6949,0.5458,0.1756,101,0.08,1009
1010,1824,competitor,pid,True,8900,53437.0,76.83,368.62,1.523526,83987002.0,491325919,0.001438,0.001438,341304820,0.0004,21099,1414,-4.0011,0.4876,0.182,86,0.08,1010
1011,1824,competitor,pid,True,10389,73240.0,82.7,430.23,1.624694,97306254.0,500390515,0.001129,0.001129,350373698,0.0003,16817,1440,-2.0103,0.6683,0.1506,116,0.08,1011
1012,1824,competitor,pid,True,10443,37365.0,56.43,467.94,2.615163,44318973.0,509201932,0.00151,0.00151,359197292,0.0005,4640,1392,-4.1155,0.341,0.1685,147,0.08,1012
1013,1824,competitor,pid,True,10200,46805.0,61.57,435.93,2.203558,68152140.0,511318695,0.001315,0.001315,361284397,0.0004,34298,1456,-3.6987,0.4271,0.1718,109,0.08,1013
1014,1824,competitor,pid,True,9496,49743.0,65.37,347.15,1.543827,51774030.0,498404501,0.001314,0.001314,348395790,0.0004,8711,1526,-3.9109,0.4539,0.1712,127,0.08,1014
1015,1824,competitor,pid,True,8513,128786.0,133.6,319.79,0.750129,105370389.0,490520916,0.001037,0.001037,340505818,0.0001,15098,1390,0.3633,1.1752,0.1489,116,0.08,1015
1016,1824,competitor,pid,True,9522,46634.0,56.56,364.49,1.964282,67296883.0,500262662,0.001213,0.001213,350247583,0.0005,15079,1475,-4.0703,0.4255,0.1775,116,0.08,1016
1017,1824,competitor,pid,True,11099,27397.0,39.73,485.5,3.589056,49653032.0,510754632,0.00145,0.00145,360739312,0.0007,15320,1495,-5.0,0.25,0.1677,130,0.08,1017
1018,1824,competitor,pid,True,9638,37821.0,57.57,404.89,2.153129,45202784.0,517064631,0.001522,0.001522,367047073,0.0005,17558,1530,-4.5648,0.3451,0.1873,118,0.08,1018
1019,1824,competitor,pid,True,10264,45586.0,50.57,399.22,2.254275,71779217.0,507708932,0.001109,0.001109,357685882,0.0004,23050,1454,-3.8042,0.416,0.1876,114,0.08,1019
1020,1824,competitor,pid,True,10031,33044.0,54.28,419.82,2.294541,49911950.0,510632769,0.001643,0.001643,360627425,0.0006,5344,1500,-4.6353,0.3015,0.1763,138,0.08,1020
1021,1824,competitor,pid,True,10212,56461.0,67.0,391.62,1.946303,51777284.0,509386538,0.001187,0.001187,359370581,0.0004,15957,1459,-3.0873,0.5152,0.1697,131,0.08,1021
1022,1824,competitor,pid,True,9467,48517.0,87.94,395.41,1.48403,73763134.0,509642493,0.001813,0.001813,359635359,0.0004,7134,1428,-4.0075,0.4427,0.1728,102,0.08,1022
1023,1824,competitor,pid,True,9905,45175.0,121.86,408.58,0.993353,52903901.0,521731197,0.002698,0.002698,371713488,0.0004,17709,1443,-3.9492,0.4122,0.1823,122,0.08,1023
1024,1824,competitor,pid,True,9239,37702.0,75.79,383.03,1.559109,76506756.0,504630674,0.00201,0.00201,354619198,0.0006,11476,1481,-4.7787,0.344,0.1779,99,0.08,1024
1025,1824,competitor,pid,True,10094,27397.0,39.81,385.51,2.864326,44832639.0,512153812,0.001453,0.001453,362144310,0.0007,9502,1515,-5.0,0.25,0.1807,130,0.08,1025
1026,1824,competitor,pid,True,9942,27918.0,38.75,379.25,2.816477,32350274.0,516091247,0.001388,0.001388,366060347,0.0007,30900,1499,-4.9959,0.2548,0.1708,110,0.08,1026
1027,1824,competitor,pid,True,9181,80757.0,150.04,376.17,0.763728,59936740.0,500320055,0.001858,0.001858,350302809,0.0003,17246,1426,-2.1441,0.7369,0.1673,114,0.08,1027
1028,1824,competitor,pid,True,9691,46167.0,73.62,377.79,1.604847,54484971.0,503219819,0.001595,0.001595,353201916,0.0004,17903,1456,-4.0242,0.4213,0.178,123,0.08,1028
1029,1824,competitor,pid,True,10577,51113.0,44.52,372.24,2.510502,76799264.0,511702158,0.000871,0.000871,361688659,0.0004,13499,1441,-3.2521,0.4664,0.1715,137,0.08,1029
1000,1824,competitor,pid,True,9710,37145.0,64.79,431.94,1.985198,36702331.0,522996687,0.001744,0.001744,372981837,0.0005,14850,1562,-4.5657,0.3389,0.1727,127,0.1,1000
1001,1824,competitor,pid,True,10982,41509.0,67.5,475.5,2.219413,49333267.0,517373492,0.001626,0.001626,367358849,0.0004,14643,1410,-3.6142,0.3788,0.1633,189,0.1,1001
1002,1824,competitor,pid,True,9580,57544.0,70.67,398.71,1.706297,49811138.0,504667968,0.001228,0.001228,354653499,0.0004,14469,1483,-3.4541,0.5251,0.1758,117,0.1,1002
1003,1824,competitor,pid,True,11268,27397.0,29.18,480.57,4.835797,20762494.0,530897777,0.001065,0.001065,380867849,0.0007,29928,1520,-5.0,0.25,0.1811,142,0.1,1003
1004,1824,competitor,pid,True,10039,30266.0,72.63,445.23,1.745131,46084504.0,523798350,0.0024,0.0024,373780821,0.0008,17529,1545,-4.7852,0.2762,0.1815,119,0.1,1004
1005,1824,competitor,pid,True,10389,27397.0,42.65,412.72,3.025977,57509598.0,522746097,0.001557,0.001557,372717568,0.0006,28529,1500,-4.8558,0.25,0.1825,112,0.1,1005
1006,1824,competitor,pid,True,10387,27397.0,44.97,453.43,2.934325,37586455.0,516158609,0.001642,0.001642,366140358,0.0009,18251,1450,-4.8896,0.25,0.1628,113,0.1,1006
1007,1824,competitor,pid,True,10519,27397.0,58.76,441.97,2.355176,36693888.0,513098717,0.002145,0.002145,363082996,0.0007,15721,1504,-5.0,0.25,0.1732,131,0.1,1007
1008,1824,competitor,pid,True,10580,38092.0,52.95,485.61,2.884929,56301694.0,506746328,0.00139,0.00139,356725041,0.0004,21287,1463,-4.0402,0.3476,0.1679,127,0.1,1008
1009,1824,competitor,pid,True,11725,27397.0,25.25,496.31,5.829605,45234025.0,521163653,0.000922,0.000922,371141863,0.0005,21790,1499,-5.0,0.25,0.1718,172,0.1,1009
1010,1824,competitor,pid,True,10693,27397.0,47.63,478.93,2.935566,60464799.0,514411158,0.001739,0.001739,364394580,0.0007,16578,1472,-4.6294,0.25,0.1742,139,0.1,1010
1011,1824,competitor,pid,True,9010,48630.0,50.45,359.29,1.996594,82345392.0,502413903,0.001037,0.001037,352393556,0.0005,20347,1474,-4.3186,0.4438,0.1804,91,0.1,1011
1012,1824,competitor,pid,True,10700,43362.0,60.78,438.58,2.14666,41796417.0,515966039,0.001402,0.001402,365952892,0.0005,13147,1480,-3.6552,0.3957,0.1695,141,0.1,1012
1013,1824,competitor,pid,True,11721,27397.0,18.94,536.32,8.23542,30726391.0,520135450,0.000691,0.000691,370117644,0.0007,17806,1560,-5.0,0.25,0.1722,142,0.1,1013
1014,1824,competitor,pid,True,11268,27397.0,37.46,484.65,3.935896,40187974.0,505358130,0.001367,0.001367,355348337,0.0008,9793,1626,-5.0,0.25,0.1745,186,0.1,1014
1015,1824,competitor,pid,True,9524,36155.0,46.11,397.6,2.584649,51543623.0,502195054,0.001275,0.001275,352177096,0.0005,17958,1512,-4.7102,0.3299,0.1824,132,0.1,1015
1016,1824,competitor,pid,True,9078,38826.0,96.17,372.21,1.127411,57842194.0,503289050,0.002477,0.002477,353274524,0.0006,14526,1545,-4.7794,0.3543,0.1749,113,0.1,1016
1017,1824,competitor,pid,True,10264,30065.0,43.78,385.27,2.504805,46511194.0,512879979,0.001456,0.001456,362867108,0.0006,12871,1433,-4.704,0.2743,0.1663,125,0.1,1017
1018,1824,competitor,pid,True,11802,27397.0,23.63,530.6,7.21141,40341052.0,531258879,0.000863,0.000863,381230991,0.0008,27888,1421,-5.0,0.25,0.1775,140,0.1,1018
1019,1824,competitor,pid,True,9727,46938.0,61.14,399.77,1.890984,65753643.0,501153150,0.001303,0.001303,351131565,0.0004,21585,1479,-3.9449,0.4283,0.1727,126,0.1,1019
1020,1824,competitor,pid,True,11697,27397.0,17.56,488.68,8.534119,39155526.0,514087269,0.000641,0.000641,364069299,0.0009,17970,1555,-5.0,0.25,0.1722,143,0.1,1020
1021,1824,competitor,pid,True,9506,34700.0,56.62,373.87,1.987112,49839776.0,511330309,0.001632,0.001632,361316185,0.0006,14124,1390,-4.8167,0.3166,0.1772,106,0.1,1021
1022,1824,competitor,pid,True,9516,41883.0,73.32,393.51,1.619944,74108662.0,500497565,0.001751,0.001751,350484456,0.0004,13109,1491,-4.3805,0.3822,0.1736,108,0.1,1022
1023,1824,competitor,pid,True,9528,39450.0,64.51,351.18,1.797787,38463159.0,513485731,0.001635,0.001635,363459273,0.0005,26458,1445,-4.5193,0.36,0.181,92,0.1,1023
1024,1824,competitor,pid,True,10111,57442.0,69.04,428.79,1.949258,67104533.0,505751881,0.001202,0.001202,355742519,0.0004,9362,1534,-3.1127,0.5242,0.1588,133,0.1,1024
1025,1824,competitor,pid,True,10541,44176.0,66.71,432.96,2.113093,54941508.0,515201362,0.00151,0.00151,365190248,0.0004,11114,1504,-3.6846,0.4031,0.1743,133,0.1,1025
1026,1824,competitor,pid,True,10625,44069.0,47.72,455.92,2.808086,65093117.0,513061988,0.001083,0.001083,363030064,0.0004,31924,1539,-3.6922,0.4021,0.1764,144,0.1,1026
1027,1824,competitor,pid,True,10471,28485.0,36.94,444.3,3.639164,38954828.0,511546103,0.001297,0.001297,361522409,0.0007,23694,1467,-4.6718,0.2599,0.1619,133,0.1,1027
1028,1824,competitor,pid,True,10799,27397.0,54.69,474.31,2.511927,44465640.0,506582281,0.001996,0.001996,356561761,0.0006,20520,1514,-5.0,0.25,0.1773,152,0.1,1028
1029,1824,competitor,pid,True,8630,59092.0,155.06,365.37,0.709621,87289811.0,492477197,0.002624,0.002624,342467289,0.0003,9908,1409,-3.7975,0.5392,0.183,128,0.1,1029
1000,1824,competitor,pid,True,9208,47519.0,105.39,372.54,1.0361,91671331.0,490935146,0.002218,0.002218,340915264,0.0005,19882,1445,-4.1794,0.4336,0.1757,123,0.15,1000
1001,1824,competitor,pid,True,10330,48729.0,60.73,435.94,2.135003,53872925.0,512530944,0.001246,0.001246,362516459,0.0004,14485,1423,-3.5534,0.4446,0.1691,105,0.15,1001
1002,1824,competitor,pid,True,11515,27397.0,54.69,514.93,3.141678,22935163.0,523691598,0.001996,0.001996,373674382,0.0008,17216,1568,-5.0,0.25,0.1831,145,0.15,1002
1003,1824,competitor,pid,True,10106,32382.0,39.85,403.57,3.168024,42350142.0,507606460,0.001231,0.001231,357581873,0.0006,24587,1521,-4.6421,0.2955,0.1809,131,0.15,1003
1004,1824,competitor,pid,True,9459,56062.0,82.54,382.91,1.355657,69054511.0,498956646,0.001472,0.001472,348944633,0.0004,12013,1488,-3.549,0.5116,0.1723,132,0.15,1004
1005,1824,competitor,pid,True,10211,27397.0,38.26,417.82,3.228563,39030798.0,507115395,0.001396,0.001396,357095737,0.0007,19658,1553,-5.0,0.25,0.1787,99,0.15,1005
1006,1824,competitor,pid,True,10915,27397.0,42.2,485.23,3.55503,43426935.0,511795539,0.00154,0.00154,361781018,0.0008,14521,1486,-5.0,0.25,0.1704,156,0.15,1006
1007,1824,competitor,pid,True,11670,27397.0,16.93,521.71,8.663522,22768260.0,525563858,0.000618,0.000618,375539451,0.0007,24407,1508,-5.0,0.25,0.1688,122,0.15,1007
1008,1824,competitor,pid,True,11321,32641.0,43.34,526.53,3.336212,50992514.0,523645152,0.001328,0.001328,373633206,0.0004,11946,1479,-3.9822,0.2978,0.1729,138,0.15,1008
1009,1824,competitor,pid,True,9408,42511.0,64.4,352.2,1.682197,68688404.0,496098161,0.001515,0.001515,346080812,0.0003,17349,1485,-4.3971,0.3879,0.1774,111,0.15,1009
1010,1824,competitor,pid,True,9816,48347.0,69.75,390.55,1.632434,90095753.0,494013772,0.001443,0.001443,344000564,0.0005,13208,1431,-3.8245,0.4412,0.1706,138,0.15,1010
1011,1824,competitor,pid,True,9441,79047.0,134.39,392.15,0.808068,129255023.0,494494058,0.0017,0.0017,344482087,0.0003,11971,1320,-2.1524,0.7213,0.1919,127,0.15,1011
1012,1824,competitor,pid,True,9117,59904.0,67.36,382.72,1.707269,55842851.0,493890496,0.001125,0.001125,343884990,0.0004,5506,1490,-3.5192,0.5466,0.1648,104,0.15,1012
1013,1824,competitor,pid,True,8097,108601.0,120.44,294.23,0.744529,97667050.0,485800444,0.001109,0.001109,335785333,0.0002,15111,1419,-1.0716,0.991,0.1728,89,0.15,1013
1014,1824,competitor,pid,True,9135,75464.0,97.34,370.42,1.18425,85049678.0,506673728,0.00129,0.00129,356667686,0.0003,6042,1472,-2.5518,0.6886,0.1715,109,0.15,1014
1015,1824,competitor,pid,True,11067,27397.0,38.43,529.66,4.046488,32124293.0,517284627,0.001403,0.001403,367272771,0.0006,11856,1452,-5.0,0.25,0.1644,125,0.15,1015
1016,1824,competitor,pid,True,8650,103191.0,113.28,316.88,0.812068,78784536.0,497672343,0.001098,0.001098,347657882,0.0002,14461,1439,-1.1092,0.9416,0.1619,100,0.15,1016
1017,1824,competitor,pid,True,10915,68278.0,44.75,443.2,2.925197,58613983.0,510622330,0.000655,0.000655,360609458,0.0003,12872,1468,-2.0359,0.623,0.1504,143,0.15,1017
1018,1824,competitor,pid,True,10444,37695.0,53.8,457.38,2.60093,81448179.0,509054538,0.001427,0.001427,359029362,0.0006,25176,1390,-4.1358,0.344,0.1758,136,0.15,1018
1019,1824,competitor,pid,True,9881,34746.0,47.84,397.52,2.506827,67603301.0,503920746,0.001377,0.001377,353900189,0.0005,20557,1494,-4.6275,0.3171,0.1828,121,0.15,1019
1020,1824,competitor,pid,True,8862,52036.0,84.53,371.66,1.434525,95650978.0,487479930,0.001625,0.001625,337471872,0.0004,8058,1368,-4.1114,0.4748,0.1803,100,0.15,1020
1021,1824,competitor,pid,True,11542,27397.0,24.82,507.03,6.21088,29083101.0,520694741,0.000906,0.000906,370677162,0.0008,17579,1491,-5.0,0.25,0.1668,128,0.15,1021
1022,1824,competitor,pid,True,9322,56968.0,75.91,386.15,1.557547,70998619.0,506011201,0.001332,0.001332,356004035,0.0003,7166,1479,-3.5666,0.5198,0.1766,127,0.15,1022
1023,1824,competitor,pid,True,10139,38472.0,48.33,426.63,2.699471,55128684.0,503021433,0.001256,0.001256,353008617,0.0005,12816,1419,-4.214,0.3511,0.1656,118,0.15,1023
1024,1824,competitor,pid,True,10329,35002.0,71.85,441.34,1.760538,76185306.0,510245965,0.002053,0.002053,360234418,0.0006,11547,1448,-4.3463,0.3194,0.1718,129,0.15,1024
1025,1824,competitor,pid,True,8655,67450.0,63.21,297.15,1.322844,76681700.0,498177862,0.000937,0.000937,348160253,0.0003,17609,1483,-3.3293,0.6155,0.1748,105,0.15,1025
1026,1824,competitor,pid,True,10777,27397.0,45.32,481.91,3.233608,40862383.0,511084159,0.001654,0.001654,361068127,0.0007,16032,1498,-4.6629,0.25,0.1684,147,0.15,1026
1027,1824,competitor,pid,True,11746,27397.0,50.29,533.85,3.227278,52251547.0,508628615,0.001836,0.001836,358606327,0.0008,22288,1454,-5.0,0.25,0.1747,167,0.15,1027
1028,1824,competitor,pid,True,11638,27397.0,35.27,539.51,4.371384,41082078.0,510876658,0.001287,0.001287,360862338,0.0006,14320,1466,-5.0,0.25,0.1752,151,0.15,1028
1029,1824,competitor,pid,True,9486,47473.0,89.69,412.95,1.37906,74902974.0,506539765,0.001889,0.001889,356523268,0.0004,16497,1428,-4.0519,0.4332,0.1867,129,0.15,1029
1000,1824,competitor,pid,True,9917,33769.0,65.0,396.57,1.828796,60220291.0,512448783,0.001925,0.001925,362421175,0.0006,27608,1418,-4.6572,0.3081,0.1755,116,0.2,1000
1001,1824,competitor,pid,True,10169,33971.0,45.6,423.71,3.004846,53548757.0,515496321,0.001342,0.001342,365474347,0.0005,21974,1430,-4.5357,0.31,0.1847,111,0.2,1001
1002,1824,competitor,pid,True,9406,61218.0,79.8,363.68,1.350771,49241608.0,502494344,0.001304,0.001304,352478852,0.0004,15492,1479,-3.2555,0.5586,0.1714,126,0.2,1002
1003,1824,competitor,pid,True,10198,33225.0,46.18,418.15,2.633747,42364913.0,508904913,0.00139,0.00139,358886088,0.0006,18825,1502,-4.5147,0.3032,0.1652,129,0.2,1003
1004,1824,competitor,pid,True,10420,39150.0,75.1,467.36,1.910899,64744759.0,506220072,0.001918,0.001918,356204730,0.0006,15342,1523,-4.0641,0.3572,0.1622,121,0.2,1004
1005,1824,competitor,pid,True,10552,30739.0,28.25,397.66,3.961504,38410326.0,511505857,0.000919,0.000919,361479610,0.0006,26247,1481,-4.5466,0.2805,0.1721,115,0.2,1005
1006,1824,competitor,pid,True,10999,49688.0,69.08,456.1,1.974735,55048929.0,516891547,0.00139,0.00139,366875642,0.0005,15905,1439,-3.1044,0.4534,0.1649,125,0.2,1006
1007,1824,competitor,pid,True,11193,27397.0,37.66,496.84,4.213357,30317915.0,522414407,0.001375,0.001375,372396558,0.0007,17849,1525,-5.0,0.25,0.1731,140,0.2,1007
1008,1824,competitor,pid,True,10672,57105.0,78.79,452.84,1.856956,79522330.0,508096922,0.00138,0.00138,358076236,0.0003,20686,1406,-2.8376,0.5211,0.1684,152,0.2,1008
1009,1824,competitor,pid,True,10412,44712.0,69.8,472.19,2.073158,63939123.0,506365663,0.001561,0.001561,356353038,0.0003,12625,1467,-3.7207,0.408,0.1598,135,0.2,1009
1010,1824,competitor,pid,True,9826,60681.0,77.94,411.4,1.632235,68551757.0,503976047,0.001285,0.001285,353962858,0.0003,13189,1456,-3.0391,0.5537,0.1608,113,0.2,1010
1011,1824,competitor,pid,True,11541,67806.0,84.14,524.59,1.959396,111130450.0,508756686,0.001241,0.001241,358747154,0.0003,9532,1395,-1.7242,0.6187,0.1625,133,0.2,1011
1012,1824,competitor,pid,True,10196,27397.0,46.65,435.37,2.846922,35758731.0,519080930,0.001703,0.001703,369068890,0.0008,12040,1541,-5.0,0.25,0.1795,113,0.2,1012
1013,1824,competitor,pid,True,11811,27397.0,31.91,562.1,5.572371,35855321.0,516385328,0.001165,0.001165,366375060,0.0007,10268,1533,-5.0,0.25,0.1699,148,0.2,1013
1014,1824,competitor,pid,True,9167,52225.0,64.43,389.34,1.71727,52944950.0,498927024,0.001234,0.001234,348918247,0.0004,8777,1493,-3.9643,0.4766,0.164,128,0.2,1014
1015,1824,competitor,pid,True,11295,48138.0,54.83,502.09,2.688121,62139960.0,517404208,0.001139,0.001139,367393748,0.0004,10460,1487,-3.0519,0.4393,0.1626,130,0.2,1015
1016,1824,competitor,pid,True,10978,27397.0,44.3,477.0,3.449043,47356901.0,519191487,0.001617,0.001617,369180462,0.0009,11025,1497,-5.0,0.25,0.1817,149,0.2,1016
1017,1824,competitor,pid,True,11201,45919.0,56.33,491.82,2.705635,44061269.0,520942000,0.001227,0.001227,370926425,0.0004,15575,1474,-3.2279,0.419,0.1573,139,0.2,1017
1018,1824,competitor,pid,True,10750,27397.0,48.17,452.32,2.784325,52023924.0,507801279,0.001758,0.001758,357782972,0.0007,18307,1486,-4.8483,0.25,0.172,126,0.2,1018
1019,1824,competitor,pid,True,8187,65681.0,131.74,325.21,0.670575,74236407.0,504164810,0.002006,0.002006,354130676,0.0003,34134,1453,-3.6368,0.5993,0.1772,113,0.2,1019
1020,1824,competitor,pid,True,10110,52754.0,65.5,419.61,1.87542,58421336.0,505425254,0.001242,0.001242,355402983,0.0005,22271,1449,-3.4632,0.4814,0.1615,131,0.2,1020
1021,1824,competitor,pid,True,9892,70654.0,72.27,406.89,1.637843,63947273.0,496695505,0.001023,0.001023,346678822,0.0003,16683,1400,-2.4799,0.6447,0.1547,125,0.2,1021
1022,1824,competitor,pid,True,11431,27397.0,29.68,535.22,5.25959,72198256.0,510654178,0.001083,0.001083,360637268,0.0007,16910,1502,-5.0,0.25,0.1613,143,0.2,1022
1023,1824,competitor,pid,True,11295,27397.0,18.95,512.46,8.225063,39776959.0,512374594,0.000692,0.000692,362361089,0.0006,13505,1415,-4.5265,0.25,0.1624,127,0.2,1023
1024,1824,competitor,pid,True,8743,48325.0,62.84,330.95,1.440882,52144553.0,512861962,0.0013,0.0013,362853126,0.0005,8836,1524,-4.4062,0.441,0.1786,108,0.2,1024
1025,1824,competitor,pid,True,11031,27397.0,37.55,463.81,3.777306,43339256.0,514296606,0.00137,0.00137,364282084,0.0007,14522,1554,-5.0,0.25,0.1778,136,0.2,1025
1026,1824,competitor,pid,True,10446,39731.0,47.43,431.24,2.795508,38921443.0,511039948,0.001194,0.001194,361020861,0.0005,19087,1483,-4.0193,0.3625,0.1537,112,0.2,1026
1027,1824,competitor,pid,True,10600,27397.0,45.07,469.76,3.218742,40132151.0,505198097,0.001645,0.001645,355183495,0.0008,14602,1536,-5.0,0.25,0.1729,143,0.2,1027
1028,1824,competitor,pid,True,9907,51465.0,78.22,412.88,1.472141,61911309.0,498201897,0.00152,0.00152,348180204,0.0003,21693,1472,-3.5632,0.4696,0.1732,144,0.2,1028
1029,1824,competitor,pid,True,10368,40364.0,88.26,446.16,1.610817,78956639.0,506439802,0.002186,0.002186,356421402,0.0005,18400,1411,-4.0029,0.3683,0.1714,140,0.2,1029
1000,1824,competitor,pid,True,8738,83271.0,82.51,294.95,0.998512,77539338.0,493824858,0.000991,0.000991,343816763,0.0002,8095,1438,-2.3341,0.7598,0.1627,114,0.25,1000
1001,1824,competitor,pid,True,10662,27397.0,42.08,476.08,3.270459,45092551.0,528685254,0.001536,0.001536,378669686,0.0007,15568,1453,-5.0,0.25,0.1897,118,0.25,1001
1002,1824,competitor,pid,True,10358,37783.0,38.05,472.47,3.462284,44789305.0,505704758,0.001007,0.001007,355694289,0.0006,10469,1528,-4.1882,0.3448,0.1605,126,0.25,1002
1003,1824,competitor,pid,True,11747,27397.0,26.86,568.11,6.300954,19716412.0,526492614,0.00098,0.00098,376461920,0.0008,30694,1581,-5.0,0.25,0.1596,172,0.25,1003
1004,1824,competitor,pid,True,9725,43799.0,57.54,376.28,1.948081,61956136.0,505522369,0.001314,0.001314,355510474,0.0005,11895,1509,-4.1153,0.3997,0.1681,115,0.25,1004
1005,1824,competitor,pid,True,9376,76402.0,109.28,379.95,1.019242,56645698.0,506033432,0.00143,0.00143,356017408,0.0003,16024,1458,-2.3533,0.6972,0.1747,110,0.25,1005
1006,1824,competitor,pid,True,10505,27397.0,38.71,445.52,3.712109,45339181.0,514983449,0.001413,0.001413,364967931,0.0009,15518,1496,-5.0,0.25,0.1735,128,0.25,1006
1007,1824,competitor,pid,True,10228,27397.0,38.71,426.56,3.187798,31456688.0,515683890,0.001413,0.001413,365672225,0.0007,11665,1474,-4.8547,0.25,0.1673,105,0.25,1007
1008,1824,competitor,pid,True,10257,44285.0,66.49,420.44,1.891292,54687127.0,511250375,0.001501,0.001501,361235945,0.0004,14430,1485,-3.8125,0.4041,0.1687,113,0.25,1008
1009,1824,competitor,pid,True,10071,27397.0,60.68,433.67,2.152555,53396565.0,508438008,0.002215,0.002215,358427081,0.0005,10927,1550,-5.0,0.25,0.1693,123,0.25,1009
1010,1824,competitor,pid,True,10833,27397.0,39.86,482.59,3.756928,44780650.0,516398833,0.001455,0.001455,366388033,0.0008,10800,1496,-5.0,0.25,0.171,134,0.25,1010
1011,1824,competitor,pid,True,11349,62077.0,78.03,505.14,2.039022,103273965.0,518539305,0.001257,0.001257,368519847,0.0004,19458,1398,-2.1559,0.5665,0.1854,114,0.25,1011
1012,1824,competitor,pid,True,10438,27397.0,38.77,417.86,3.481992,26657998.0,522045783,0.001415,0.001415,372033340,0.0008,12443,1510,-5.0,0.25,0.1663,141,0.25,1012
1013,1824,competitor,pid,True,11363,27397.0,21.12,483.32,6.66248,36219778.0,513603596,0.000771,0.000771,363585050,0.0008,18546,1549,-5.0,0.25,0.1735,136,0.25,1013
1014,1824,competitor,pid,True,10685,34358.0,45.33,443.72,2.911127,40367545.0,523398845,0.001319,0.001319,373383804,0.0007,15041,1501,-4.2115,0.3135,0.1775,165,0.25,1014
1015,1824,competitor,pid,True,9953,47094.0,65.21,408.75,1.79594,87976353.0,500815724,0.001385,0.001385,350804052,0.0004,11672,1452,-3.7903,0.4297,0.1568,128,0.25,1015
1016,1824,competitor,pid,True,10546,46173.0,46.48,419.8,2.700706,67815754.0,508300708,0.001007,0.001007,358283260,0.0005,17448,1457,-3.5769,0.4213,0.1591,127,0.25,1016
1017,1824,competitor,pid,True,9851,34590.0,60.54,419.04,2.018811,46512120.0,507069239,0.00175,0.00175,357050547,0.0006,18692,1494,-4.6167,0.3156,0.175,110,0.25,1017
1018,1824,competitor,pid,True,9953,73690.0,100.0,401.79,1.225581,103376581.0,499121655,0.001357,0.001357,349114380,0.0003,7275,1365,-2.21,0.6724,0.1743,110,0.25,1018
1019,1824,competitor,pid,True,10615,27397.0,47.19,489.43,3.144973,51900432.0,515326602,0.001723,0.001723,365302497,0.0007,24105,1510,-5.0,0.25,0.1772,152,0.25,1019
1020,1824,competitor,pid,True,10590,27397.0,50.22,461.88,2.727593,30640359.0,516196554,0.001833,0.001833,366174744,0.0006,21810,1472,-5.0,0.25,0.1762,153,0.25,1020
1021,1824,competitor,pid,True,9716,31218.0,45.25,391.89,2.448734,33700127.0,517077033,0.00145,0.00145,367058794,0.0007,18239,1498,-4.9193,0.2849,0.184,140,0.25,1021
1022,1824,competitor,pid,True,11061,72593.0,68.5,473.56,2.066681,90067271.0,506778556,0.000944,0.000944,356763614,0.0003,14942,1397,-1.6911,0.6624,0.1636,131,0.25,1022
1023,1824,competitor,pid,True,10861,27397.0,52.76,455.59,2.463845,36051097.0,516835848,0.001926,0.001926,366823122,0.0006,12726,1485,-5.0,0.25,0.1743,131,0.25,1023
1024,1824,competitor,pid,True,8688,49495.0,70.35,319.32,1.412185,67334254.0,513823862,0.001421,0.001421,363809027,0.0004,14835,1533,-4.3621,0.4516,0.1839,117,0.25,1024
1025,1824,competitor,pid,True,11338,27397.0,24.92,461.07,5.452891,47715763.0,510614489,0.00091,0.00091,360600491,0.0007,13998,1548,-5.0,0.25,0.1685,135,0.25,1025
1026,1824,competitor,pid,True,9186,46739.0,56.46,374.7,1.982775,44249104.0,506735162,0.001208,0.001208,356721715,0.0004,13447,1507,-4.2762,0.4265,0.1607,121,0.25,1026
1027,1824,competitor,pid,True,9379,53465.0,69.98,397.74,1.51777,50431308.0,501778447,0.001309,0.001309,351770291,0.0004,8156,1441,-3.7502,0.4879,0.1617,115,0.25,1027
1028,1824,competitor,pid,True,9518,55958.0,102.12,371.77,1.149948,54241407.0,505548621,0.001825,0.001825,355533025,0.0003,15596,1485,-3.5068,0.5106,0.1714,135,0.25,1028
1029,1824,competitor,pid,True,10795,34422.0,59.73,457.41,2.311069,60134632.0,513297893,0.001735,0.001735,363284551,0.0006,13342,1418,-4.1421,0.3141,0.1696,149,0.25,1029
1000,1824,competitor,pid,True,10962,42425.0,40.82,456.83,3.625244,52992072.0,517631169,0.000962,0.000962,367615050,0.0005,16119,1437,-3.5878,0.3871,0.1571,203,0.28,1000
1001,1824,competitor,pid,True,11275,27397.0,37.01,495.47,4.121156,36739514.0,527803235,0.001351,0.001351,377791575,0.0007,11660,1442,-5.0,0.25,0.1758,151,0.28,1001
1002,1824,competitor,pid,True,10492,27596.0,36.63,451.52,3.887832,37924342.0,513484994,0.001327,0.001327,363458986,0.0009,26008,1540,-4.7519,0.2518,0.1751,110,0.28,1002
1003,1824,competitor,pid,True,9519,34211.0,58.91,380.74,1.901817,39038977.0,509082268,0.001722,0.001722,359055156,0.0006,27112,1538,-4.8443,0.3122,0.1743,111,0.28,1003
1004,1824,competitor,pid,True,10984,27397.0,47.57,475.37,2.991332,49055785.0,517056004,0.001736,0.001736,367046862,0.0008,9142,1584,-5.0,0.25,0.1823,114,0.28,1004
1005,1824,competitor,pid,True,10525,27397.0,69.64,437.37,1.80996,38656476.0,506831444,0.002542,0.002542,356800776,0.0007,30668,1581,-5.0,0.25,0.1759,137,0.28,1005
1006,1824,competitor,pid,True,11346,27397.0,48.66,532.58,3.24776,38252117.0,512875758,0.001776,0.001776,362862137,0.0008,13621,1540,-5.0,0.25,0.172,151,0.28,1006
1007,1824,competitor,pid,True,9272,70432.0,99.13,369.31,1.111456,57297648.0,500897552,0.001408,0.001408,350877169,0.0003,20383,1424,-2.7654,0.6427,0.1721,104,0.28,1007
1008,1824,competitor,pid,True,10418,27397.0,32.62,416.99,4.085841,57033405.0,497537094,0.001191,0.001191,347526822,0.0005,10272,1479,-4.9174,0.25,0.1623,136,0.28,1008
1009,1824,competitor,pid,True,8921,53135.0,101.89,349.42,1.006579,62896728.0,502538412,0.001918,0.001918,352529676,0.0002,8736,1465,-3.9887,0.4849,0.1742,115,0.28,1009
1010,1824,competitor,pid,True,10510,34456.0,49.07,478.71,3.18313,67639020.0,502631817,0.001424,0.001424,352612816,0.0007,19001,1467,-4.2967,0.3144,0.1698,114,0.28,1010
1011,1824,competitor,pid,True,10171,39380.0,107.67,435.39,1.179103,85036456.0,520703076,0.002734,0.002734,370686595,0.0006,16481,1529,-4.194,0.3593,0.192,112,0.28,1011
1012,1824,competitor,pid,True,11820,27397.0,23.27,494.42,6.231799,22684292.0,522775977,0.000849,0.000849,372767971,0.0007,8006,1535,-5.0,0.25,0.1719,134,0.28,1012
1013,1824,competitor,pid,True,9640,34035.0,51.99,382.77,2.399647,60011534.0,507356589,0.001527,0.001527,357340847,0.0007,15742,1511,-4.7873,0.3106,0.1734,121,0.28,1013
1014,1824,competitor,pid,True,11472,27397.0,41.34,488.85,3.359417,62857370.0,511905879,0.001509,0.001509,361898119,0.0009,7760,1486,-5.0,0.25,0.1747,146,0.28,1014
1015,1824,competitor,pid,True,10460,27397.0,50.9,410.16,2.193216,46445086.0,512459129,0.001858,0.001858,362443075,0.0008,16054,1501,-5.0,0.25,0.1726,134,0.28,1015
1016,1824,competitor,pid,True,9992,47455.0,66.11,432.87,1.858404,63829587.0,501821380,0.001393,0.001393,351806459,0.0005,14921,1522,-3.765,0.433,0.1721,111,0.28,1016
1017,1824,competitor,pid,True,9196,49959.0,60.9,354.46,1.817555,54237781.0,502048859,0.001219,0.001219,352036593,0.0004,12266,1494,-4.0235,0.4559,0.1737,129,0.28,1017
1018,1824,competitor,pid,True,11707,27397.0,45.88,549.57,3.401543,24419759.0,527647301,0.001674,0.001674,377632136,0.0007,15165,1558,-5.0,0.25,0.1798,137,0.28,1018
1019,1824,competitor,pid,True,10987,27397.0,22.95,457.76,5.798743,60283631.0,503025815,0.000838,0.000838,352992240,0.0007,33575,1518,-5.0,0.25,0.1626,146,0.28,1019
1020,1824,competitor,pid,True,9148,60039.0,102.21,350.7,1.031354,62979701.0,504757132,0.001702,0.001702,354741976,0.0004,15156,1374,-3.4571,0.5479,0.1773,88,0.28,1020
1021,1824,competitor,pid,True,8967,44462.0,63.72,355.81,1.741606,41618308.0,505880654,0.001433,0.001433,355860124,0.0005,20530,1483,-4.5147,0.4057,0.1724,92,0.28,1021
1022,1824,competitor,pid,True,9644,47997.0,139.41,423.58,0.907463,74047425.0,501514880,0.002905,0.002905,351511396,0.0004,3484,1453,-3.8846,0.438,0.1732,132,0.28,1022
1023,1824,competitor,pid,True,11509,27397.0,20.29,532.15,8.335669,33309932.0,529350495,0.00074,0.00074,379332055,0.0007,18440,1490,-4.7992,0.25,0.1678,129,0.28,1023
1024,1824,competitor,pid,True,10260,40642.0,54.29,421.16,2.311434,51709996.0,509348965,0.001336,0.001336,359342109,0.0005,6856,1500,-4.0703,0.3709,0.1585,131,0.28,1024
1025,1824,competitor,pid,True,8688,89367.0,112.4,334.92,0.837765,98141984.0,490933331,0.001258,0.001258,340925529,0.0002,7802,1419,-1.9326,0.8155,0.1647,103,0.28,1025
1026,1824,competitor,pid,True,11802,27397.0,18.52,484.33,7.631032,22646526.0,523721035,0.000676,0.000676,373701331,0.0006,19704,1555,-5.0,0.25,0.1685,138,0.28,1026
1027,1824,competitor,pid,True,11810,27397.0,30.89,512.85,4.928029,36056248.0,509372778,0.001128,0.001128,359356133,0.0006,16645,1537,-5.0,0.25,0.1776,150,0.28,1027
1028,1824,competitor,pid,True,11804,27397.0,26.08,513.55,5.675546,44068971.0,507420553,0.000952,0.000952,357392309,0.0007,28244,1509,-5.0,0.25,0.1786,140,0.28,1028
1029,1824,competitor,pid,True,9042,68631.0,95.79,321.74,0.971994,83261557.0,501951793,0.001396,0.001396,351931112,0.0003,20681,1441,-2.9988,0.6263,0.1746,99,0.28,1029
1000,1824,competitor,pid,True,9952,62114.0,50.82,409.47,2.338455,65829683.0,502562534,0.000818,0.000818,352555854,0.0003,6680,1458,-2.9331,0.5668,0.1503,118,0.3,1000
1001,1824,competitor,pid,True,10211,27397.0,33.35,419.96,3.749327,55329274.0,501116770,0.001217,0.001217,351104671,0.0007,12099,1486,-4.871,0.25,0.1641,121,0.3,1001
1002,1824,competitor,pid,True,11432,27397.0,36.14,533.55,4.325667,29945883.0,520255949,0.001319,0.001319,370239091,0.0009,16858,1539,-5.0,0.25,0.1721,126,0.3,1002
1003,1824,competitor,pid,True,10479,27397.0,74.29,489.66,2.007947,39332282.0,506506430,0.002711,0.002711,356486953,0.0007,19477,1570,-5.0,0.25,0.171,137,0.3,1003
1004,1824,competitor,pid,True,11163,27397.0,48.91,494.66,2.909286,56941584.0,510161375,0.001785,0.001785,360148753,0.0009,12622,1507,-5.0,0.25,0.1668,136,0.3,1004
1005,1824,competitor,pid,True,10587,28001.0,27.48,489.88,5.221861,36978319.0,510903489,0.000982,0.000982,360897407,0.0006,6082,1502,-4.6621,0.2555,0.1543,141,0.3,1005
1006,1824,competitor,pid,True,11862,27397.0,39.7,528.02,3.65907,32478267.0,520398524,0.001449,0.001449,370379248,0.0008,19276,1492,-5.0,0.25,0.1742,144,0.3,1006
1007,1824,competitor,pid,True,11696,27397.0,26.15,487.86,5.333792,27162709.0,523208587,0.000955,0.000955,373185136,0.0007,23451,1479,-5.0,0.25,0.1666,142,0.3,1007
1008,1824,competitor,pid,True,11572,33857.0,53.91,544.35,2.951794,47485130.0,530893509,0.001592,0.001592,380871536,0.0005,21973,1508,-3.7673,0.3089,0.1786,139,0.3,1008
1009,1824,competitor,pid,True,9524,60982.0,72.23,408.61,1.685952,76110057.0,493446913,0.001184,0.001184,343429480,0.0002,17433,1403,-3.2469,0.5565,0.1512,119,0.3,1009
1010,1824,competitor,pid,True,9895,57175.0,87.03,404.71,1.484911,75906918.0,496945852,0.001522,0.001522,346934832,0.0004,11020,1458,-3.2324,0.5217,0.1694,124,0.3,1010
1011,1824,competitor,pid,True,9460,63247.0,72.43,375.16,1.554896,119064744.0,487133056,0.001145,0.001145,337120643,0.0004,12413,1400,-3.1834,0.5771,0.1691,122,0.3,1011
1012,1824,competitor,pid,True,10416,46551.0,50.56,415.11,2.492936,42846510.0,511799888,0.001086,0.001086,361791097,0.0005,8791,1523,-3.6195,0.4248,0.162,127,0.3,1012
1013,1824,competitor,pid,True,10668,33850.0,46.44,480.39,3.044785,45673874.0,509889250,0.001372,0.001372,359873649,0.0005,15601,1450,-4.2109,0.3089,0.1578,144,0.3,1013
1014,1824,competitor,pid,True,10963,27397.0,39.49,488.17,3.940954,32512066.0,518782073,0.001441,0.001441,368762971,0.0009,19102,1511,-4.6205,0.25,0.1632,142,0.3,1014
1015,1824,competitor,pid,True,11664,49174.0,85.91,503.75,1.738234,94580864.0,519819191,0.001747,0.001747,369809783,0.0004,9408,1443,-2.7643,0.4487,0.1744,161,0.3,1015
1016,1824,competitor,pid,True,11280,47009.0,61.03,486.63,2.275657,58456172.0,519964600,0.001298,0.001298,369948780,0.0005,15820,1490,-3.1283,0.429,0.1696,119,0.3,1016
1017,1824,competitor,pid,True,11759,27397.0,24.31,526.86,6.657681,34092460.0,529662564,0.000887,0.000887,379650468,0.0007,12096,1504,-5.0,0.25,0.1782,139,0.3,1017
1018,1824,competitor,pid,True,11756,27397.0,21.34,526.27,7.740379,40144943.0,521686235,0.000779,0.000779,371678633,0.0007,7602,1490,-5.0,0.25,0.1733,139,0.3,1018
1019,1824,competitor,pid,True,11215,33248.0,55.38,496.48,2.634456,56385914.0,519963864,0.001666,0.001666,369936069,0.0006,27795,1486,-3.9862,0.3034,0.1693,130,0.3,1019
1020,1824,competitor,pid,True,11778,27397.0,12.73,566.82,14.229594,24988530.0,522637284,0.000464,0.000464,372620507,0.0008,16777,1495,-5.0,0.25,0.167,150,0.3,1020
1021,1824,competitor,pid,True,10856,29355.0,38.23,481.28,4.01625,36432631.0,516033119,0.001302,0.001302,366020383,0.0008,12736,1465,-4.4352,0.2679,0.1614,134,0.3,1021
1022,1824,competitor,pid,True,8833,61124.0,88.01,362.62,1.125002,87885493.0,496123601,0.00144,0.00144,346112042,0.0003,11559,1442,-3.5704,0.5578,0.1646,180,0.3,1022
1023,1824,competitor,pid,True,8445,56239.0,85.45,324.75,1.195788,47791604.0,501810461,0.001519,0.001519,351799330,0.0003,11131,1464,-4.0768,0.5132,0.1807,105,0.3,1023
1024,1824,competitor,pid,True,9560,53119.0,74.93,350.16,1.331331,65980748.0,510683600,0.001411,0.001411,360668820,0.0004,14780,1452,-3.6735,0.4847,0.1703,122,0.3,1024
1025,1824,competitor,pid,True,10114,32826.0,45.45,410.13,2.396778,51884669.0,513517994,0.001385,0.001385,363511782,0.0006,6212,1485,-4.5967,0.2995,0.1783,118,0.3,1025
1026,1824,competitor,pid,True,11324,27397.0,52.85,544.09,2.978986,38611293.0,507890417,0.001929,0.001929,357879286,0.0007,11131,1633,-5.0,0.25,0.1752,139,0.3,1026
1027,1824,competitor,pid,True,9832,119604.0,104.85,408.65,1.181843,69980156.0,502210561,0.000877,0.000877,352204878,0.0002,5683,1371,0.5047,1.0914,0.1449,102,0.3,1027
1028,1824,competitor,pid,True,10625,27507.0,44.77,444.49,2.805912,40191327.0,513977605,0.001628,0.001628,363961464,0.0006,16141,1502,-4.6512,0.251,0.1559,116,0.3,1028
1029,1824,competitor,pid,True,7169,160862.0,199.83,273.42,0.436168,109933133.0,487927388,0.001242,0.001242,337912924,0.0001,14464,1329,1.6075,1.4679,0.1686,86,0.3,1029
